{
  "model_version": "1.0",
  "trained_at": "2026-06-06T13:37:50.700678",
  "training_samples": 87,
  "test_samples": 18,
  "hyperparameters": {
    "n_estimators": 100,
    "max_depth": 5,
    "learning_rate": 0.1,
    "objective": "binary:logistic"
  },
  "validation_metrics": {
    "accuracy": 0.8333333333333334,
    "precision": 0.8333333333333334,
    "recall": 0.9090909090909091,
    "f1_score": 0.8695652173913043,
    "roc_auc": 0.961038961038961,
    "confusion_matrix": {
      "true_negatives": 5,
      "false_positives": 2,
      "false_negatives": 1,
      "true_positives": 10
    }
  },
  "cross_validation_scores": {
    "mean_accuracy": 0.907843137254902,
    "std_accuracy": 0.028668904835897145
  }
}